ID;Surname;Date;Email;Site
1;Callahan;2020-08-26;urangel@espinoza-francis.net;http://www.escobar.org/
2;Ferrell;2020-04-27;xreese@hall-donovan.com;https://tyler-pugh.info/
3;Andersen;2022-03-22;haleybraun@blevins-sexton.com;https://www.mack-bell.net/
4;Ponce;2020-07-02;hohailey@anthony.com;https://delacruz-freeman.org/
5;Mccormick;2021-01-17;alvaradojesse@rangel-shields.com;https://welch.info/
6;Lee;2021-08-13;briangriffin@chang.org;https://www.roberts.com/
7;Hoffman;2020-04-09;bauergerald@morrison.com;http://www.holt.com/
8;Wiggins;2021-04-02;changkellie@howell.com;http://carlson.com/
9;Payne;2020-11-26;mayerjerome@hurst-graham.net;https://www.glenn-snow.com/
10;Franco;2021-06-29;kentryan@stone-oneill.com;http://ruiz.com/
11;Hawkins;2021-05-02;danielbuckley@hatfield.info;https://www.newman.com/
12;Shaffer;2021-04-07;gabrielaleach@rose.net;https://www.hoffman-rubio.com/
13;Moran;2020-02-28;cartermallory@chung.com;https://hinton.info/
14;Hammond;2022-03-03;lweeks@hooper.org;https://bush-huynh.org/
15;Blackwell;2021-03-30;calhounalisha@hardin.net;https://barker-bishop.info/
16;Newton;2020-08-09;ypayne@gaines.biz;https://figueroa.com/
17;Archer;2021-05-21;nwu@brady-chen.com;http://www.callahan.net/
18;Griffin;2021-06-02;harold11@mullen.org;http://www.mclaughlin-hubbard.net/
19;Valencia;2021-04-17;andrewsanders@marks.com;http://www.myers.com/
20;Ramsey;2020-12-30;amy99@booker.com;http://www.larsen-floyd.biz/
21;Meadows;2020-01-01;basschristian@faulkner.com;https://chavez.com/
22;Brock;2021-06-27;ldelacruz@spence.com;https://www.norman.org/
23;Pope;2020-05-19;hayleyritter@price.net;http://www.moyer.com/
24;Stanton;2020-01-23;yhebert@hays-rivera.com;http://young.com/
25;Flynn;2020-09-05;austinhobbs@briggs.com;http://huerta-cordova.info/
26;Williamson;2020-03-06;zramos@haney.org;http://www.allison-clements.com/
27;Calderon;2021-06-17;shelley82@jarvis.com;http://www.larsen.org/
28;Walton;2020-11-15;sharigriffin@cameron.com;https://quinn.biz/
29;Mack;2021-03-01;rpace@huynh.com;http://www.macdonald-lyons.com/
30;Jacobson;2021-09-02;emullins@simpson-christensen.com;http://www.guerra-armstrong.com/
31;Harper;2020-07-06;patricialeach@hernandez.biz;http://www.barajas-hendrix.com/
32;Mayer;2020-07-15;mindy15@fuentes.org;http://perkins.com/
33;Owens;2022-01-02;jake39@little.com;https://mckee-hill.net/
34;Davies;2021-03-09;mhudson@hardin.com;https://www.bray.com/
35;Cruz;2022-05-03;nlane@kane-pennington.com;https://www.tran.net/
36;Hubbard;2021-03-17;savannah10@simpson.com;https://www.velazquez-wright.com/
37;Bennett;2021-01-12;cristian16@hill-beard.com;https://www.frederick.com/
38;Hansen;2020-01-14;jasmineaustin@whitehead.info;https://www.graves.info/
39;Foster;2020-10-29;samuel97@wyatt.com;https://www.schmitt.com/
40;Medina;2020-03-02;karlgarrett@fischer.biz;http://www.nicholson.org/
41;Santana;2021-06-11;biancahenry@hernandez.org;http://www.gates.net/
42;Moreno;2022-02-12;marisa13@hickman.com;https://www.gillespie.biz/
43;Bush;2020-02-13;billymorris@lambert-irwin.com;http://www.zhang.com/
44;Davenport;2020-05-10;barry91@howe.info;https://www.davenport.com/
45;Terry;2021-01-04;kdavies@owen-humphrey.info;http://www.grimes-summers.com/
46;Esparza;2020-09-24;gregghendricks@conner-weiss.info;http://harris.net/
47;Richard;2022-04-17;alfredbradford@perry.com;https://www.delacruz.com/
48;Moore;2021-12-25;ngilmore@bush.net;https://www.tyler.com/
49;Gillespie;2020-06-23;vgilbert@romero.biz;https://www.long-hickman.com/
50;Lin;2021-10-06;dgould@graham-winters.com;https://johns-sharp.com/
51;Thomas;2021-10-21;fsuarez@cooper-montes.biz;http://mcgrath.org/
52;Fischer;2020-01-26;natasha83@delacruz-edwards.com;https://spencer.com/
53;West;2020-01-22;mbonilla@hampton.com;https://www.lindsey.org/
54;Morton;2021-08-19;basskaylee@lynn-gill.biz;https://www.leblanc.com/
55;Guerra;2022-05-12;lfaulkner@villanueva.com;https://giles-newton.com/
56;Shelton;2022-04-21;maystiffany@davidson.com;https://richmond.com/
57;Meza;2020-11-12;katie69@romero.net;https://nolan.com/
58;Tapia;2020-10-11;valerie35@olsen.com;http://www.fernandez-fisher.com/
59;Powell;2021-09-30;ivanhiggins@charles-estrada.com;https://www.mcneil.com/
60;Irwin;2021-06-26;xcallahan@cantu.com;https://www.nguyen.com/
61;Hodge;2021-10-22;melvindrake@friedman-bradley.com;https://www.cain-allen.com/
62;Drake;2022-03-03;carpentergary@vance-weeks.com;https://www.snow.org/
63;Tran;2020-09-02;duartejohnathan@pennington.com;https://www.knight.net/
64;Webster;2020-03-10;zbrock@blevins-payne.com;http://www.rush.biz/
65;Mcclure;2021-03-15;phelpsandres@hartman-cooper.org;http://www.levine.com/
66;Wu;2021-10-05;nataliefarley@richardson.com;http://carrillo.com/
67;Bridges;2021-12-05;daisyblair@walsh-holmes.org;https://www.trevino.info/
68;Washington;2021-09-26;thomasnicholas@blankenship-ford.com;https://www.wagner.org/
69;Ayala;2020-12-05;hburke@duke-mcmahon.com;https://www.copeland.org/
70;Hooper;2020-03-15;lonnielittle@hoffman-meadows.com;http://moyer.com/
71;Robbins;2020-12-20;qmcdaniel@cruz.net;https://www.acevedo-macdonald.net/
72;Cobb;2021-06-22;austinvang@glenn.com;https://deleon.com/
73;Salas;2020-01-12;shortfrederick@cobb.net;https://www.roach.com/
74;Long;2022-01-09;yolanda69@rosario.com;http://www.blankenship.com/
75;Kemp;2020-07-21;michaela80@russell.com;http://www.terrell.com/
76;Horn;2020-02-26;ashley39@garrison.com;https://www.rodgers.biz/
77;Spears;2021-09-13;alan50@hobbs.info;https://valdez-li.org/
78;Ortiz;2020-05-21;hsantos@lopez.info;http://whitehead.info/
79;Ortega;2021-09-29;robbinsgordon@dyer-kim.info;http://barr-salas.org/
80;Cantu;2020-11-02;meghanfernandez@patel-todd.com;http://schaefer.com/
81;Pittman;2020-09-05;gabrielarobbins@hawkins-bernard.com;http://www.benson-keller.com/
82;Cowan;2021-09-24;qlarson@berry.biz;http://www.potts-conrad.com/
83;Chen;2020-04-30;hmorgan@olson.com;https://ibarra.com/
84;Stanley;2020-12-12;charlottemercer@hensley.net;http://watson-frye.org/
85;Gallegos;2020-10-13;escobarisabella@harrell-santiago.info;https://kirk-skinner.com/
86;Pruitt;2021-08-17;jessica36@hart.com;https://www.mccormick.biz/
87;Vaughan;2020-10-22;ellen80@bonilla.com;http://jefferson.com/
88;Bautista;2020-05-27;chavezrandall@mckinney-stafford.net;https://www.anthony.net/
89;Chase;2020-06-23;gravesgrace@molina.org;http://wise-mendez.com/
90;Hurley;2021-04-25;hhuerta@morris-case.info;https://zimmerman.com/
91;Huang;2022-05-16;ydavid@potter.com;http://sampson-marshall.biz/
92;Cummings;2020-09-20;colealexander@turner.biz;http://www.atkinson-may.com/
93;Jackson;2021-02-11;carpenterkylie@chambers-frost.com;http://henry.com/
94;Chapman;2022-04-14;adrian55@gardner-gaines.com;https://www.gutierrez-lloyd.com/
95;Cortez;2021-03-20;bonillaalex@cervantes.org;http://www.mayer.com/
96;Hendrix;2020-12-24;maureen18@barr.org;http://mccarty-meza.info/
97;Buchanan;2020-04-22;ocole@sanders-lowery.net;http://www.price.com/
98;Moore;2021-12-10;spencerbright@powell.biz;https://wall-reid.com/
99;Tanner;2022-05-15;dawncoffey@barker.com;https://newton-esparza.net/
100;Sims;2021-07-27;anthonyzuniga@tucker.com;http://moran.com/
101;Strong;2021-10-22;carrillokenneth@bowman-montoya.com;https://allison.info/
102;Mullins;2021-07-24;mercedes11@floyd-hall.com;https://bates-christian.biz/
103;Rush;2021-12-12;dominguezparker@preston.net;http://hill.com/
104;Hurst;2020-06-30;vernonrush@harvey.com;http://www.hurst-johnston.info/
105;Collier;2020-04-11;samantha34@mccarthy.com;https://hendrix-pittman.biz/
106;Sanchez;2021-07-09;joconnor@cooley.com;https://jones.com/
107;Manning;2021-01-24;toddmcmahon@beard-lambert.com;http://hurley.org/
108;Forbes;2020-03-02;veronicablankenship@pace.com;http://osborne.com/
109;Ryan;2020-06-24;swarren@buck-roach.com;https://frederick.com/
110;Short;2020-01-03;garymelton@petersen-lam.org;http://www.lawrence.biz/
111;Henry;2020-07-05;mathisgloria@house-hamilton.org;https://silva.com/
112;West;2020-12-29;patrickfelicia@goodwin.org;https://henson.net/
113;Gallagher;2021-02-06;hortonmiguel@mays-rivers.org;https://morse.org/
114;Wiley;2020-08-07;preston76@house.com;https://valencia.com/
115;Merritt;2021-04-10;moneal@hudson.biz;http://carpenter-estes.net/
116;Mejia;2021-07-23;beckyshaw@bradley-booth.com;http://cortez-cooper.com/
117;Alvarez;2020-08-30;kanthony@osborne.com;https://www.butler.info/
118;Berger;2020-05-23;alexandraroy@juarez-kane.com;http://james.org/
119;Daniel;2020-03-25;ckhan@underwood.net;https://www.chase.info/
120;Mueller;2022-05-13;joe34@salazar.com;https://www.duffy-coffey.biz/
121;Middleton;2021-06-28;vernon36@browning.info;http://parrish.com/
122;Fletcher;2021-03-17;pammorales@james-benjamin.net;http://werner.org/
123;Wong;2021-09-29;paulcastaneda@burke.com;http://www.archer.com/
124;Brock;2020-05-07;sarahpotts@bradford.com;https://alvarado.com/
125;Petersen;2021-09-12;wwhite@perez.com;https://www.kaufman-ho.com/
126;Fuller;2020-10-04;orice@drake.com;http://tapia-davis.com/
127;Klein;2020-02-13;damon39@terrell.com;http://www.drake.com/
128;Richards;2021-12-20;watkinsevan@ward.biz;https://www.rojas.net/
129;Fitzpatrick;2020-06-17;meredith05@lawrence-shaw.com;https://hale-montes.com/
130;Gregory;2021-10-28;lacey04@cross.com;http://www.nguyen-curry.com/
131;Mckay;2021-05-25;travisfoley@brandt.com;https://blake.net/
132;Rhodes;2022-01-15;hmccarty@sharp.biz;https://atkins.com/
133;Byrd;2020-04-26;alisonsanders@durham.com;https://www.mack.biz/
134;Miller;2022-01-15;bjordan@small-black.com;http://www.cordova.com/
135;Marsh;2021-07-15;damonhowe@larsen.org;https://newman.com/
136;Paul;2021-11-27;tasha85@wilson.biz;http://gray.com/
137;Oconnell;2021-09-26;oneilldamon@spencer.com;http://barr-faulkner.info/
138;Bradshaw;2021-12-25;weaverclinton@zamora.org;https://www.walton.biz/
139;Chase;2022-04-25;xtapia@hensley.info;https://patel.com/
140;Crawford;2021-11-18;fenglish@warner.net;https://www.wells-simon.info/
141;Vance;2022-04-17;brendanbarrera@gill-thornton.info;https://frey.com/
142;Sanford;2021-05-18;peggy95@park.info;https://www.donaldson-norman.com/
143;Singleton;2021-10-29;kerriray@owen-stone.info;http://www.singleton.com/
144;Sutton;2021-09-19;nichole45@michael.org;https://www.thompson.org/
145;Eaton;2021-04-27;daltonrangel@prince.biz;http://www.elliott-tyler.org/
146;Huff;2021-08-01;vmyers@novak-delacruz.biz;https://garner.net/
147;Pollard;2020-03-02;weavermeagan@sampson.com;https://fox.biz/
148;Hunter;2020-03-22;hebertdarin@kidd.com;http://www.small.com/
149;Miles;2021-09-17;elizabethcopeland@morris-moss.info;http://bautista.com/
150;May;2021-09-08;cannonshirley@carson-dorsey.com;https://www.brock.com/
151;Garza;2021-01-23;dana05@hester.net;http://www.larson.com/
152;Brown;2021-09-08;willie99@snyder.com;http://sloan.info/
153;Oconnell;2020-06-15;lunakirsten@zimmerman-salinas.org;https://howard-crawford.com/
154;Garrett;2020-04-30;marthaguerra@anderson.com;http://www.campos.org/
155;Bender;2020-10-12;joanne07@pennington.com;http://www.huffman.com/
156;Harrison;2020-10-31;jerry26@hudson-acevedo.net;http://curry.com/
157;Fowler;2020-08-27;katie93@norris.biz;https://www.whitehead.org/
158;Golden;2020-03-31;gacosta@stephenson-tyler.biz;http://www.best.com/
159;Lawson;2020-10-31;madisoncarey@spence-beck.info;https://hinton.com/
160;Vaughan;2021-01-31;kari95@henry.org;https://weber.net/
161;Hoover;2021-05-27;tiffany09@perkins.com;http://wilcox.com/
162;Boyle;2022-01-13;davefarmer@neal-farrell.org;http://www.walter.info/
163;Noble;2020-06-24;lydiameyers@frederick.com;http://www.escobar.com/
164;Molina;2020-09-18;timothyrivera@wade-galloway.net;https://www.bridges.biz/
165;Christian;2020-10-19;harmonmadison@finley-clarke.net;https://nash.info/
166;Estes;2021-02-08;vincent58@norton.com;https://www.mendez-duran.com/
167;Myers;2021-07-05;brandibarker@peterson.net;http://cantu.com/
168;Barker;2021-07-03;lindsayrocha@preston.org;http://www.orozco.biz/
169;Huerta;2020-09-17;daniel75@hansen.com;http://mitchell.com/
170;Knight;2020-08-05;eschultz@salas.com;https://vincent.com/
171;Booth;2021-10-12;perry87@nichols.biz;https://molina.com/
172;Guerra;2021-01-25;frederickmisty@carpenter-nielsen.net;http://palmer-chan.org/
173;Murillo;2021-05-18;jodonnell@oliver.com;http://www.medina.info/
174;Lawrence;2021-03-16;ehampton@lopez-brandt.org;https://www.butler.com/
175;Ewing;2021-12-16;evansstuart@griffin.org;http://mata.com/
176;Pacheco;2020-05-05;kristina23@carr-arias.com;https://galvan-lucero.org/
177;Browning;2021-04-17;gabriellanorton@robertson.org;http://www.pena.com/
178;Woods;2020-10-17;lonnieguerra@cooke.com;https://wallace.com/
179;Lopez;2020-11-24;cowandeanna@house.com;http://frye.com/
180;Small;2021-01-17;reginahancock@walker.org;http://haney.biz/
181;Kirk;2021-04-25;jasmin18@juarez-richmond.com;http://lam-villanueva.com/
182;Arellano;2020-11-13;sandy44@thomas.com;https://bradford.com/
183;Hayden;2021-11-24;gravesalisha@harrell.info;https://www.li.biz/
184;Bullock;2020-03-23;bcole@stevens.com;http://www.bernard-archer.info/
185;Leonard;2020-10-19;jessica41@klein.biz;http://www.meadows.org/
186;Mcfarland;2020-06-14;guymorrow@romero-owen.com;https://www.horne.com/
187;Steele;2020-09-27;manuel95@holden-franklin.com;http://www.maldonado.com/
188;Boone;2020-01-29;yreyes@rowe.com;https://li.com/
189;Moyer;2020-12-30;russorussell@galloway.biz;https://franklin.com/
190;Reese;2020-04-10;craigwhitney@carrillo.info;https://randolph.com/
191;Bullock;2021-09-30;cwolf@arellano.com;http://www.wise-horton.com/
192;Paul;2020-04-10;bweaver@levy.info;https://www.mccarty.biz/
193;Cardenas;2021-03-10;wflynn@andersen.com;https://www.anderson.com/
194;Velez;2021-04-17;pcannon@choi.com;http://www.pacheco.com/
195;Collins;2020-11-06;luis12@buck.com;http://flynn-cameron.info/
196;Harper;2020-03-22;fieldskelly@blackburn.biz;http://macias-duffy.com/
197;Serrano;2022-03-17;vwhite@peterson-gould.com;https://www.lambert-smith.biz/
198;Robbins;2022-03-24;cuevasgeorge@navarro-mcmahon.com;https://mccarthy.com/
199;Abbott;2020-12-31;breanna32@mayer.net;https://www.jordan-phelps.org/
200;Cantrell;2021-09-04;kwarner@barrera.org;http://powers-bird.com/
201;Washington;2021-03-01;sharpgreg@rubio-garrison.org;https://www.stone.com/
202;Suarez;2022-01-16;usloan@harrington.com;https://www.duncan.org/
203;Washington;2021-01-10;ariana05@kelly-arellano.com;http://www.conrad.com/
204;Hamilton;2020-10-02;edward56@parks.biz;http://jones.com/
205;Fletcher;2021-08-22;gcollier@golden.com;https://rhodes-hutchinson.org/
206;Morse;2020-05-17;woodsdevin@maldonado.org;https://www.wheeler-wong.com/
207;Pruitt;2020-10-21;mcbridekylie@mcdowell-christensen.com;http://johnson.net/
208;Peterson;2021-08-04;rothkerry@atkins-porter.com;http://www.miranda.info/
209;Pearson;2022-01-13;jerrygates@garner.net;https://burnett.com/
210;Meadows;2021-09-09;jack76@compton.com;https://www.hunter.com/
211;Dickson;2020-08-17;kaitlinbooth@hurley.com;https://www.rhodes.biz/
212;Shannon;2021-02-01;hillterrance@gamble.info;http://mccann.com/
213;Vasquez;2021-01-28;mosleyross@lawrence.com;http://www.weiss.com/
214;Oconnell;2022-03-03;malik63@frazier-nichols.biz;http://www.gray.org/
215;Walker;2021-01-15;luceromaxwell@wong.biz;http://hodge-ramirez.com/
216;Shah;2020-07-05;luis82@sparks.com;http://www.butler.biz/
217;Mitchell;2020-12-05;lauren64@faulkner-hood.info;http://mckee.com/
218;Schmidt;2021-05-11;elutz@medina-garcia.com;https://www.payne.com/
219;Simpson;2020-03-01;knappalisha@franco.org;http://www.robbins.biz/
220;Keith;2020-05-03;yolanda40@rhodes.com;http://www.murray-woodard.net/
221;Hoffman;2021-12-17;xortiz@gates.com;https://beltran.com/
222;Tyler;2020-10-26;obates@bennett-nicholson.net;https://freeman-maddox.com/
223;Ford;2020-09-10;sabrinaerickson@wise.info;http://odom.info/
224;Gates;2020-02-11;xrollins@mcfarland.com;https://www.hood-decker.com/
225;Gaines;2022-01-26;yolanda53@thomas.info;https://www.marshall.com/
226;Wilson;2021-02-16;lucas94@barrera.com;https://booth-guzman.info/
227;Jordan;2021-03-15;wisediane@dean.com;http://bowers-ashley.com/
228;Stafford;2020-03-27;tonyaruiz@farmer.com;http://www.hatfield.com/
229;Saunders;2021-03-30;triciarichards@shelton.net;http://www.hurley.com/
230;Barrera;2021-12-29;philip88@carr.biz;http://www.boyle-archer.net/
231;Bullock;2021-07-13;josephchaney@roach-rocha.info;https://www.huff.com/
232;Stuart;2020-10-01;shanecuevas@terry.com;http://rubio.com/
233;Lamb;2021-03-02;aserrano@webb.org;http://gordon.org/
234;Huang;2020-10-09;ericksoncheyenne@taylor.com;https://harris-houston.biz/
235;Hendricks;2022-05-10;dorothy66@howe-kim.com;https://suarez.com/
236;Ramos;2022-03-23;oscar33@holden-morrow.com;https://maynard-madden.net/
237;Carpenter;2020-12-18;jacobskurt@dalton-small.com;http://www.mathews.com/
238;Whitehead;2020-11-08;iosborn@brady.com;http://levine-francis.com/
239;Arnold;2020-04-12;walterfrye@good-boyer.com;http://christian.com/
240;Lawrence;2020-08-17;samuelwelch@reid.net;https://bush.com/
241;Moran;2021-10-18;wcole@bell.info;https://www.roth-haney.com/
242;Stephens;2022-05-03;miguelmathis@crawford.info;https://burnett.com/
243;Hale;2021-01-26;romeroangie@cunningham.org;https://www.jennings-mann.com/
244;Lee;2021-12-09;vbooker@donovan-stokes.info;https://greene-goodman.info/
245;Savage;2021-04-29;cheyenne64@solomon.net;http://terrell.biz/
246;Duffy;2021-11-17;rmcfarland@shelton.com;https://www.pearson-wallace.biz/
247;Serrano;2020-03-28;tammyspence@day.org;https://www.haley.info/
248;Rosales;2020-05-07;joanna47@davidson.org;https://www.cochran-cook.com/
249;Arellano;2021-05-01;jeffrey24@douglas-landry.com;http://www.hardin-duran.org/
250;Shea;2021-02-01;burnettrebecca@brewer.info;http://www.tyler-sosa.biz/
